date,humidity,pressure,sunshine,wnd_spd10,wnd_dir10,wnd_spd80,wnd_dir80,hum_max,hum_min,press_max,press_min,wnd_spd_max10,wnd_spd_min10,wnd_spd_max80,wnd_spd_min80,temp_max,temp_avg,temp_min,wnd_spd_max,wnd_spd_min,precipitation_avg,PM10,PM2.5
2018-01-01,68.54,1009.42,-551.55,20.11,239.75,25.91,240.55,82.0,49.0,1014.5,1003.2,31.65,15.22,39.88,19.01,64,52,39,12,0,0.0,23,13.1
2018-01-02,75.96,1016.89,245.91,16.29,255.03,21.12,256.43,86.0,59.0,1019.7,1010.1,28.7,8.07,35.85,12.09,68,55,42,10,0,0.0,35,11.5
2018-01-03,74.83,1008.06,222.5,23.42,255.27,30.61,258.29,80.0,69.0,1014.1,1002.3,35.81,2.69,44.77,5.75,71,56,40,13,0,0.01,45,10.3
2018-01-04,81.62,1004.85,0.0,19.79,255.34,25.92,256.03,87.0,78.0,1009.2,1001.7,26.23,4.84,33.36,8.2,66,61,55,13,0,0.19,28,10.9
2018-01-05,77.54,1003.97,49.79,10.67,246.17,15.13,246.59,97.0,63.0,1006.1,1002.3,19.53,2.46,26.03,2.3,61,57,52,8,0,0.0,10,5.5
2018-01-06,83.67,1005.75,518.23,6.62,111.27,10.38,116.59,96.0,67.0,1009.9,1003.8,10.48,3.3,13.25,6.8,62,59,55,12,0,0.0,13,6.7
2018-01-07,84.33,1013.9,81.7,4.09,228.51,6.53,235.12,96.0,71.0,1018.3,1010.1,7.36,0.45,16.2,0.67,62,56,49,9,0,0.0,20,12.1
2018-01-08,86.5,1017.62,92.55,2.94,177.61,4.23,148.95,96.0,62.0,1020.0,1013.6,7.39,0.22,13.83,0.22,65,61,57,21,0,0.18,15,6.5
2018-01-09,75.08,1013.46,44.04,4.69,165.03,7.22,176.06,96.0,56.0,1015.2,1010.9,8.21,0.5,14.39,1.58,63,58,52,30,0,2.34,8,3.0
2018-01-10,60.38,1013.4,54.26,7.14,182.45,10.15,202.31,77.0,42.0,1015.6,1011.3,12.18,4.24,16.56,6.14,69,59,48,21,0,0.0,27,5.6
2018-01-11,81.88,1014.59,152.41,4.65,226.21,7.04,235.07,95.0,70.0,1019.4,1011.4,8.08,1.43,11.87,2.0,64,54,44,10,0,0.0,35,13.1
2018-01-12,89.79,1023.22,0.0,3.32,269.88,3.85,253.3,96.0,72.0,1025.5,1019.8,5.7,1.12,6.32,0.89,69,56,43,13,0,0.0,54,11.9
2018-01-13,82.75,1022.78,363.91,7.96,111.99,11.77,113.95,95.0,61.0,1025.7,1020.2,14.91,3.47,17.12,4.94,79,60,41,13,0,0.0,103,10.0
2018-01-14,73.58,1020.21,533.16,8.53,113.56,14.88,118.28,92.0,49.0,1021.8,1018.7,13.3,5.38,18.22,10.48,78,62,45,12,0,0.0,122,10.0
2018-01-15,62.25,1015.35,128.87,9.43,175.33,11.11,199.57,75.0,51.0,1021.2,1005.1,29.9,2.69,37.52,1.75,63,53,42,14,0,0.0,73,11.4
2018-01-16,74.25,1002.74,0.0,24.42,253.07,31.04,253.43,79.0,65.0,1005.0,1000.2,28.11,20.87,34.95,26.67,65,55,45,9,0,0.0,95,14.9
2018-01-17,79.75,1006.41,349.41,26.96,271.01,34.0,271.8,85.0,70.0,1015.1,999.4,31.76,21.03,38.78,26.85,71,58,45,13,0,0.0,73,12.6
2018-01-18,76.79,1010.05,164.66,27.02,247.8,33.74,247.99,85.0,68.0,1016.7,1006.2,39.1,22.4,47.04,28.66,70,57,44,9,0,0.0,61,10.9
2018-01-19,78.17,1012.57,0.0,15.63,266.28,19.86,267.02,87.0,63.0,1015.4,1007.5,22.89,10.38,29.15,12.35,64,55,46,16,0,0.0,21,4.8
2018-01-20,76.58,1007.87,0.0,18.94,248.88,24.67,249.82,87.0,60.0,1016.1,996.9,27.89,13.31,35.43,18.83,64,54,44,21,0,0.0,25,4.7
2018-01-21,76.38,1014.53,58.09,7.6,233.51,9.48,238.62,89.0,60.0,1019.5,1005.1,15.21,1.12,19.81,0.71,62,50,38,13,0,0.0,31,7.6
2018-01-22,85.38,1013.3,0.0,14.18,261.36,19.14,264.54,95.0,81.0,1021.7,1009.7,20.39,4.03,26.67,7.83,64,51,38,15,0,0.0,35,5.6
2018-01-23,78.5,1026.65,216.95,7.31,232.96,9.98,241.6,94.0,67.0,1028.7,1022.5,11.19,4.47,16.41,3.36,70,54,38,14,0,0.0,38,6.0
2018-01-24,69.08,1024.36,530.89,5.68,140.51,7.28,157.95,85.0,50.0,1028.7,1020.2,9.44,2.69,16.41,3.67,69,53,37,12,0,0.0,39,7.6
2018-01-25,61.88,1016.8,0.0,3.94,176.91,5.14,189.02,75.0,51.0,1021.3,1013.4,6.95,0.71,11.5,1.0,66,53,39,24,0,0.0,45,6.3
2018-01-26,87.25,1016.57,0.0,5.9,227.28,8.18,228.36,97.0,79.0,1022.1,1013.9,11.46,1.8,16.23,2.77,63,52,40,23,0,0.0,28,8.0
2018-01-27,86.08,1029.11,93.83,2.85,244.17,3.98,268.71,96.0,74.0,1034.6,1022.4,8.11,0.0,11.77,0.22,69,52,35,12,0,0.0,20,7.5
2018-01-28,75.21,1036.88,149.36,5.5,238.45,8.33,258.39,87.0,56.0,1038.2,1035.1,9.02,2.55,10.89,3.91,79,59,38,12,0,0.0,23,7.6
2018-01-29,81.96,1033.55,505.06,6.94,245.64,10.44,262.36,90.0,71.0,1037.2,1031.3,12.7,3.67,14.92,7.22,79,60,41,10,0,0.0,48,7.4
2018-01-30,78.42,1028.42,51.01,4.13,247.13,6.3,268.43,88.0,67.0,1031.5,1026.1,8.57,1.3,11.58,0.81,77,61,45,12,0,0.0,51,7.9
2018-01-31,70.62,1015.76,65.11,8.34,226.48,11.18,242.91,88.0,50.0,1025.9,1005.0,18.17,2.47,23.43,3.36,73,56,39,8,0,0.0,39,7.7
2018-02-01,71.21,1004.46,300.82,13.97,258.54,17.92,258.88,91.0,56.0,1005.5,1003.3,22.91,7.55,29.41,10.96,75,58,40,9,0,0.0,44,10.6
2018-02-02,80.46,1006.55,294.69,8.25,250.61,11.45,260.61,99.0,59.0,1007.8,1004.9,16.93,4.34,17.84,7.41,75,60,44,12,0,0.0,46,13.6
2018-02-03,76.12,1006.44,389.34,7.7,263.84,9.7,275.77,95.0,57.0,1007.3,1005.3,12.97,4.56,14.17,4.89,71,57,42,12,0,0.0,29,10.3
2018-02-04,70.38,1013.13,140.26,5.33,220.52,6.33,228.76,92.0,51.0,1018.4,1008.1,12.05,3.12,15.58,1.12,74,58,42,12,0,0.0,22,10.3
2018-02-05,72.54,1017.55,132.78,4.18,179.8,5.68,205.92,94.0,41.0,1019.1,1015.3,9.91,1.36,15.81,1.2,61,52,42,13,0,0.0,26,15.1
2018-02-06,67.88,1011.34,232.86,6.52,159.47,8.95,169.31,78.0,52.0,1016.5,1007.5,10.52,2.12,15.22,2.61,62,54,46,9,0,0.0,42,30.2
2018-02-07,82.29,1011.07,0.0,8.22,297.75,9.58,299.78,94.0,72.0,1015.4,1008.4,12.82,2.06,15.94,1.79,66,54,42,15,0,0.0,35,16.0
2018-02-08,79.92,1017.38,197.51,4.96,292.79,5.01,280.18,92.0,61.0,1019.0,1015.6,9.27,0.81,12.7,0.5,74,57,40,8,0,0.0,29,8.2
2018-02-09,73.33,1015.26,363.68,4.22,246.87,5.52,267.0,86.0,61.0,1018.0,1012.8,10.38,0.22,11.41,0.0,68,55,41,15,0,0.0,29,12.3
2018-02-10,74.71,1016.79,360.86,10.69,266.02,13.18,270.25,91.0,58.0,1018.5,1014.1,17.73,3.5,21.28,5.07,62,54,46,9,0,0.0,29,16.0
2018-02-11,75.33,1011.63,0.0,8.26,238.63,11.17,244.51,85.0,58.0,1017.6,1008.4,15.9,2.85,19.47,1.34,68,55,41,21,0,0.0,39,12.2
2018-02-12,71.0,1016.95,286.82,10.27,284.67,12.41,291.62,92.0,55.0,1021.1,1010.9,14.79,4.44,16.16,5.61,65,54,43,26,0,0.0,23,6.3
2018-02-13,60.38,1015.54,607.78,6.46,156.11,8.68,160.63,81.0,40.0,1021.5,1010.2,11.91,1.14,14.58,1.58,61,54,47,18,0,0.0,18,6.6
2018-02-14,62.17,1014.85,605.85,5.23,118.22,8.6,125.18,79.0,46.0,1018.3,1011.0,8.75,2.2,14.39,2.0,65,55,44,13,0,0.01,13,6.2
2018-02-15,82.08,1017.51,0.0,8.97,176.91,14.64,193.8,100.0,55.0,1018.4,1016.9,21.12,0.0,30.83,3.86,68,54,40,15,0,0.0,23,7.7
2018-02-16,82.25,1023.63,45.96,9.37,179.22,12.67,167.11,100.0,60.0,1026.9,1017.6,20.74,3.16,30.45,2.85,69,54,38,9,0,0.0,25,7.9
2018-02-17,88.0,1018.94,0.0,9.58,199.04,12.1,202.63,94.0,75.0,1025.1,1013.2,13.47,3.33,17.43,1.75,67,54,40,13,0,0.0,26,10.5
2018-02-18,76.08,1025.99,404.98,7.55,166.8,8.78,169.11,95.0,52.0,1028.4,1023.5,12.66,2.46,17.9,1.58,66,54,41,24,0,0.0,22,8.0
2018-02-19,70.54,1019.93,350.03,3.93,201.45,5.62,209.32,90.0,54.0,1023.4,1016.8,7.52,0.81,10.29,1.14,58,48,38,28,4,0.0,26,4.8
2018-02-20,67.08,1015.91,427.66,4.99,258.7,6.23,267.76,80.0,54.0,1018.2,1014.8,10.68,1.58,14.58,2.55,58,46,33,16,0,0.0,16,4.0
2018-02-21,68.62,1017.4,561.55,8.14,103.96,10.85,99.76,86.0,47.0,1018.7,1016.0,17.82,0.71,19.84,1.0,60,48,35,24,0,0.0,15,5.2
2018-02-22,63.38,1013.98,61.57,13.73,64.12,17.51,68.08,71.0,54.0,1016.5,1012.3,21.15,6.96,24.34,10.86,63,48,33,25,0,0.0,26,5.5
2018-02-23,65.67,1013.12,482.49,12.3,72.28,15.83,76.22,74.0,54.0,1014.1,1011.6,18.26,7.62,21.59,10.32,62,48,33,24,0,0.0,14,3.4
2018-02-24,62.46,1015.63,641.21,12.93,80.45,16.04,81.44,73.0,47.0,1019.6,1013.6,19.28,7.23,22.41,9.56,60,46,31,21,0,0.0,19,6.5
2018-02-25,54.0,1021.45,651.57,15.02,79.78,17.77,80.61,63.0,37.0,1023.8,1019.3,18.39,11.02,20.34,14.24,63,48,33,15,0,0.0,20,7.5
2018-02-26,52.79,1022.85,612.17,13.77,67.95,16.75,70.07,64.0,40.0,1024.4,1021.4,20.06,8.31,22.44,10.97,63,50,36,25,0,0.0,19,6.3
2018-02-27,54.08,1018.12,345.02,10.65,71.49,12.99,73.22,67.0,42.0,1021.1,1015.5,13.91,7.61,15.37,10.14,57,45,33,13,0,0.0,15,5.5
2018-02-28,59.21,1014.79,563.39,12.35,99.35,15.34,99.76,72.0,42.0,1017.3,1010.5,18.57,6.74,23.64,9.46,58,45,31,12,0,0.0,18,6.9
2018-03-01,75.88,1003.54,0.0,12.81,94.35,15.28,94.77,90.0,53.0,1009.6,999.0,19.48,8.3,21.53,10.75,57,48,39,13,0,0.18,17,5.9
2018-03-02,81.71,996.8,0.0,8.04,150.04,11.61,156.99,94.0,70.0,999.2,994.6,14.57,0.67,20.45,1.12,60,55,49,15,0,0.15,9,4.1
2018-03-03,72.12,996.92,20.48,8.66,182.93,11.8,192.59,89.0,54.0,1000.1,993.9,16.2,2.03,24.02,1.79,59,52,44,23,0,0.16,8,3.0
2018-03-04,67.71,998.9,142.11,8.42,180.22,11.53,191.45,95.0,47.0,1002.2,996.0,15.01,1.2,20.91,2.24,63,51,38,15,0,0.0,9,3.1
2018-03-05,70.21,995.71,567.56,4.84,123.75,6.19,116.08,94.0,49.0,1000.3,991.2,10.97,1.12,12.34,0.92,68,52,36,12,0,0.0,13,4.7
2018-03-06,78.0,992.48,0.0,6.98,259.6,9.77,267.39,85.0,72.0,995.3,991.3,12.11,1.58,13.93,1.91,74,56,37,12,0,0.0,17,5.4
2018-03-07,69.17,999.74,379.4,10.28,218.8,13.11,232.2,85.0,53.0,1006.8,995.8,17.26,3.39,20.87,2.24,69,55,41,14,0,0.0,29,7.4
2018-03-08,61.12,1007.73,431.73,9.44,233.36,12.98,239.24,83.0,33.0,1009.5,1005.7,15.25,1.91,18.61,1.8,71,56,41,12,0,0.0,25,6.3
2018-03-09,55.79,1009.98,116.21,6.18,222.63,8.76,240.29,66.0,43.0,1012.1,1008.3,12.11,0.45,15.0,2.92,66,58,50,12,0,0.0,24,7.8
2018-03-10,75.04,1006.53,192.38,7.75,142.2,10.35,157.51,95.0,62.0,1009.8,1003.2,11.55,2.86,18.03,2.24,60,58,55,15,0,0.87,11,5.9
2018-03-11,80.42,998.34,0.0,9.38,140.4,13.94,148.92,94.0,63.0,1003.6,994.9,14.16,4.8,21.42,4.91,65,59,53,13,0,0.01,7,4.5
2018-03-12,69.38,999.11,178.02,11.47,228.21,15.44,239.12,82.0,51.0,1004.9,995.6,19.22,2.21,25.27,2.68,64,59,54,10,0,0.01,14,7.6
2018-03-13,70.88,1008.95,10.85,17.98,251.97,22.91,252.63,84.0,60.0,1013.4,1005.9,23.83,10.96,28.33,15.66,61,58,55,13,0,0.63,6,2.9
2018-03-14,71.29,1010.64,697.29,6.83,170.72,9.93,172.86,90.0,47.0,1015.0,1004.4,10.93,0.81,18.23,0.71,63,54,44,15,0,0.44,8,2.1
2018-03-15,68.21,998.83,0.0,9.98,146.73,14.68,148.44,75.0,58.0,1004.3,995.0,13.73,3.58,20.65,3.81,65,56,46,24,0,0.0,8,2.8
2018-03-16,71.17,1001.84,418.11,6.0,215.89,7.92,220.44,85.0,58.0,1003.7,998.9,11.86,1.12,13.67,1.0,58,49,40,12,0,0.12,10,3.9
2018-03-17,84.96,997.64,18.34,7.32,226.15,9.34,230.31,92.0,69.0,1001.5,994.9,13.18,1.2,16.45,1.92,60,51,42,26,0,0.0,6,1.8
2018-03-23,72.25,1009.53,386.16,5.42,267.49,6.71,273.79,90.0,52.0,1015.8,1003.6,9.2,1.41,12.32,2.46,63,54,45,10,0,0.0,12,3.5
2018-03-24,58.83,1000.59,744.84,5.92,185.82,8.08,195.13,90.0,37.0,1003.0,998.8,10.66,1.63,16.5,1.3,66,54,42,26,0,0.0,10,3.2
2018-03-25,60.71,1006.25,622.34,3.8,261.86,4.92,269.09,75.0,47.0,1010.5,1002.4,6.73,0.45,11.3,1.12,66,57,48,21,0,0.0,8,1.8
2018-03-26,66.58,1014.13,311.94,5.17,296.71,7.14,312.67,94.0,47.0,1017.7,1011.4,9.62,1.34,13.35,2.06,71,58,45,29,5,0.0,9,1.4
2018-03-27,69.04,1015.27,88.59,6.93,238.87,8.96,238.63,91.0,40.0,1019.4,1010.3,13.52,0.22,15.97,0.95,70,56,42,18,0,0.0,18,5.2
2018-03-28,74.29,1008.72,0.0,15.22,264.21,19.55,264.44,87.0,55.0,1012.3,1004.3,20.8,8.72,27.13,9.17,68,56,44,13,0,0.0,27,7.7
2018-03-29,70.12,1009.2,180.46,4.34,217.84,5.92,221.49,86.0,51.0,1011.5,1007.2,8.35,1.12,13.25,1.63,61,56,50,10,0,0.0,18,10.6
2018-03-30,67.71,1001.67,149.23,10.45,162.12,14.38,165.1,86.0,36.0,1008.1,995.4,18.86,4.8,23.3,7.52,60,55,50,12,0,0.0,14,9.2
2018-03-31,68.83,999.76,0.0,5.28,239.01,7.41,252.98,88.0,52.0,1003.7,998.3,9.88,0.71,15.82,1.34,59,55,51,13,0,0.0,11,7.2
2018-04-01,70.33,1011.59,268.63,14.4,256.95,18.4,263.9,85.0,54.0,1016.9,1004.0,20.6,5.15,24.71,6.52,58,56,53,10,0,0.0,13,9.2
2018-04-02,56.21,1010.23,106.29,6.12,156.06,7.67,172.67,89.0,24.0,1017.3,1004.9,10.96,0.22,12.98,0.22,60,54,48,10,0,0.0,15,8.4
2018-04-03,44.42,1006.38,453.61,8.34,171.24,10.55,188.72,66.0,31.0,1008.4,1004.0,13.32,4.53,15.41,5.39,63,55,46,18,0,0.0,25,9.7
2018-04-04,67.29,1007.1,114.4,9.16,184.72,11.42,196.46,85.0,41.0,1009.4,1004.7,21.23,2.72,24.69,2.2,60,57,53,12,0,0.0,25,10.6
2018-04-05,67.29,1017.06,437.04,12.23,256.96,16.21,261.69,80.0,53.0,1023.1,1009.9,19.12,2.25,21.77,3.13,62,58,53,12,0,0.0,25,12.3
2018-04-06,62.12,1019.03,767.48,10.17,110.24,14.84,109.26,86.0,39.0,1023.6,1014.8,15.58,5.46,18.5,8.2,70,60,50,24,0,0.0,23,6.6
2018-04-07,55.25,1013.54,743.62,6.64,104.09,10.77,107.42,73.0,34.0,1016.7,1009.8,9.9,2.12,19.33,1.61,80,69,58,23,0,0.0,19,5.9
2018-04-08,50.5,1007.54,732.12,8.96,110.7,13.77,113.98,71.0,34.0,1011.7,1004.2,13.03,3.98,18.74,10.61,83,69,54,24,0,0.0,35,9.2
2018-04-09,58.25,1004.58,81.7,6.55,177.96,9.17,195.06,70.0,38.0,1007.1,1003.0,9.71,1.0,16.44,0.92,87,67,47,16,0,0.0,48,11.7
2018-04-10,77.04,1004.6,24.89,6.13,224.24,7.38,236.29,87.0,63.0,1006.9,1002.5,15.21,0.92,17.45,1.58,78,65,52,13,0,0.0,46,12.5
2018-04-11,55.67,1003.25,451.06,10.49,107.17,14.55,110.52,82.0,34.0,1007.6,997.5,16.16,4.41,21.33,5.22,75,63,51,26,0,0.0,34,9.0
2018-04-12,55.67,998.99,686.29,4.46,117.07,6.92,117.99,71.0,36.0,1002.0,996.7,7.61,0.81,16.24,1.43,72,62,52,28,7,0.0,19,2.4
2018-04-13,63.08,1008.72,356.43,5.39,224.07,7.12,231.29,91.0,42.0,1016.6,1001.9,8.73,1.75,12.97,0.0,72,61,49,24,0,0.0,41,5.5
2018-04-14,56.71,1017.94,477.2,4.4,132.73,7.06,138.9,76.0,35.0,1020.1,1015.7,7.22,2.11,14.6,1.5,79,62,45,10,0,0.0,33,9.0
2018-04-15,69.38,1014.1,326.81,5.5,304.28,7.21,309.72,90.0,49.0,1018.2,1009.9,8.93,1.41,12.82,0.67,71,60,49,12,0,0.0,36,14.0
2018-04-16,70.88,1015.43,169.03,5.22,305.73,7.36,281.38,88.0,50.0,1020.9,1012.6,8.82,0.22,10.89,2.91,66,57,47,30,0,0.0,28,4.1
2018-04-17,64.42,1024.3,739.89,2.98,108.52,4.2,92.42,89.0,42.0,1027.7,1020.9,6.09,0.0,11.49,0.0,70,56,42,18,0,0.0,12,3.0
2018-04-18,58.17,1027.82,787.07,8.69,108.49,12.18,103.09,85.0,31.0,1029.8,1026.2,16.55,1.58,18.57,0.0,66,54,42,15,0,0.0,26,5.8
2018-04-19,57.42,1026.45,832.61,3.65,237.3,5.7,236.49,77.0,38.0,1028.6,1023.4,6.61,0.81,16.38,0.22,71,58,45,28,0,0.0,16,4.0
2018-04-20,53.42,1023.18,822.07,3.55,217.61,5.12,229.02,74.0,34.0,1025.2,1020.8,5.3,1.75,9.65,1.14,68,57,45,17,0,0.0,30,8.7
2018-04-21,45.0,1020.09,833.32,2.78,245.92,2.75,267.61,59.0,30.0,1022.3,1017.1,4.67,0.67,5.38,0.89,72,59,46,15,0,0.0,33,11.8
2018-04-22,45.83,1016.29,781.17,4.79,203.64,5.39,229.91,61.0,29.0,1018.6,1013.8,8.86,2.28,9.08,1.0,72,62,51,10,0,0.0,39,14.5
2018-04-23,61.54,1017.85,106.45,6.59,217.97,8.97,241.65,74.0,47.0,1019.6,1016.0,13.42,1.79,16.16,1.12,64,59,53,15,0,0.0,31,12.5
2018-04-24,61.12,1018.23,809.86,5.0,218.25,5.78,247.94,79.0,42.0,1020.2,1015.8,10.05,1.36,10.84,0.89,61,56,51,12,0,0.0,19,10.0
2018-04-25,56.71,1015.68,712.12,10.1,222.77,12.46,247.52,75.0,41.0,1017.7,1014.3,20.58,0.45,23.49,1.14,63,57,51,15,0,0.0,25,12.9
2018-04-26,56.04,1020.31,365.37,7.57,289.86,9.23,296.91,77.0,38.0,1022.7,1018.0,12.17,1.14,14.72,1.75,64,57,50,14,0,0.0,25,12.1
2018-04-27,53.21,1012.05,842.06,6.31,169.18,8.94,174.73,70.0,37.0,1018.4,1007.5,12.65,2.47,16.07,3.3,64,55,45,13,0,0.0,29,11.4
2018-04-28,61.96,1012.14,96.49,4.5,243.63,6.49,250.46,74.0,53.0,1015.6,1008.5,10.05,1.8,15.71,1.3,76,62,48,26,0,0.0,38,8.9
2018-04-29,59.92,1005.12,805.49,7.94,166.87,10.01,176.51,92.0,30.0,1009.9,999.4,14.15,1.7,18.89,1.0,71,61,50,21,0,0.0,28,8.1
2018-04-30,50.92,1007.26,602.81,12.75,236.21,16.11,239.63,71.0,31.0,1011.3,1005.8,22.62,1.75,26.57,1.58,70,60,49,21,0,0.0,26,7.8
2018-05-01,59.04,1012.78,762.42,5.63,307.0,7.75,296.18,86.0,41.0,1015.6,1010.5,8.14,2.92,15.96,2.3,64,55,45,13,0,0.0,23,9.0
2018-05-02,65.62,1010.4,177.89,6.38,321.03,7.66,327.79,86.0,48.0,1011.8,1008.7,9.39,2.83,13.51,2.06,64,57,49,16,0,0.0,16,6.6
2018-05-03,58.88,1013.53,0.0,7.95,140.37,10.41,145.68,72.0,47.0,1015.9,1010.9,13.58,4.59,14.61,6.64,70,58,46,13,0,0.0,24,8.3
2018-05-04,63.58,1014.88,172.24,8.28,161.52,10.76,137.35,80.0,48.0,1017.1,1013.5,15.13,4.25,16.13,6.81,72,61,50,18,0,0.0,35,10.7
2018-05-05,67.67,1017.4,664.42,6.11,195.25,8.21,192.21,89.0,48.0,1018.8,1016.3,13.65,2.06,15.46,2.42,75,63,51,13,0,0.0,33,11.7
2018-05-06,69.88,1018.08,591.6,5.65,193.41,7.12,187.33,95.0,39.0,1019.6,1016.4,11.53,1.63,17.74,0.63,71,60,49,10,0,0.0,26,9.0
2018-05-07,59.54,1015.6,805.96,3.55,191.78,4.16,194.16,79.0,36.0,1018.8,1012.4,8.47,1.41,9.56,1.27,65,59,52,10,0,0.0,24,10.1
2018-05-08,61.67,1009.64,765.22,4.78,230.13,7.0,234.88,80.0,43.0,1013.1,1006.7,10.77,1.12,15.23,1.14,70,59,48,12,0,0.0,28,8.0
2018-05-09,63.12,1006.83,428.87,3.27,207.89,4.54,238.1,78.0,44.0,1007.9,1005.7,9.41,0.32,14.99,0.32,68,60,51,15,0,0.0,28,8.9
2018-05-10,82.29,1012.84,0.0,7.83,246.85,10.21,260.88,92.0,77.0,1020.0,1006.9,17.47,2.2,21.28,1.58,70,61,51,13,0,0.0,41,10.7
2018-05-11,66.92,1017.15,873.81,4.46,105.71,4.37,127.66,87.0,48.0,1020.0,1014.1,7.94,1.91,8.56,0.0,62,59,55,10,0,0.0,38,12.0
2018-05-12,58.5,1012.91,649.19,4.27,112.46,4.79,114.39,79.0,34.0,1016.9,1008.4,9.12,0.67,9.3,0.63,67,62,56,12,0,0.0,27,8.7
2018-05-13,80.04,1010.49,0.0,9.59,280.65,12.19,282.34,89.0,74.0,1012.8,1008.7,13.66,4.92,15.76,8.91,70,61,51,21,0,0.0,21,5.9
2018-05-14,73.88,1008.1,0.0,4.47,264.95,5.62,277.21,94.0,57.0,1008.8,1007.4,10.05,0.5,14.09,0.45,67,58,49,44,0,0.0,22,6.6
2018-05-15,82.38,1011.33,0.0,6.32,293.1,7.8,296.61,96.0,68.0,1014.5,1008.2,11.09,3.98,14.87,4.16,67,58,48,17,0,0.0,17,3.7
2018-05-16,84.58,1014.99,57.45,5.99,286.48,7.57,293.17,94.0,69.0,1017.4,1014.1,11.53,2.92,14.08,2.69,72,60,47,24,0,0.0,19,2.6
2018-05-17,80.33,1018.0,101.99,4.63,242.55,5.96,256.42,94.0,63.0,1020.5,1016.3,8.49,1.8,9.89,1.43,68,59,49,12,0,0.0,25,5.6
2018-05-18,66.04,1018.71,849.19,4.54,188.28,6.49,162.94,86.0,46.0,1020.6,1016.8,10.57,0.32,13.23,1.14,67,59,50,15,0,0.0,25,6.6
2018-05-19,66.54,1018.72,573.61,4.48,171.5,5.87,175.33,82.0,51.0,1019.7,1017.8,8.64,1.5,13.65,1.12,66,58,50,16,0,0.0,21,7.5
2018-05-20,71.83,1017.53,841.05,3.61,154.25,5.2,117.61,90.0,52.0,1019.7,1014.9,7.41,0.22,9.01,0.45,69,59,49,16,0,0.0,27,8.5
2018-05-21,66.38,1013.72,462.43,2.63,176.16,2.88,158.77,95.0,44.0,1016.0,1011.1,4.94,0.22,5.83,0.92,68,60,51,14,0,0.0,26,8.1
2018-05-22,64.17,1012.87,230.48,3.56,189.95,4.24,211.18,94.0,43.0,1015.6,1011.4,13.89,0.45,18.3,0.22,68,59,50,13,0,0.0,18,5.3
2018-05-23,77.75,1017.74,315.28,6.57,316.25,8.39,319.75,95.0,58.0,1019.5,1015.7,9.02,4.03,12.89,4.26,66,61,55,10,0,0.0,16,4.3
2018-05-24,68.5,1018.46,626.63,2.93,194.69,3.77,196.07,92.0,49.0,1020.1,1016.6,7.17,0.5,10.81,0.63,64,61,58,13,0,0.0,12,2.7
2018-05-25,59.62,1017.59,781.26,3.62,107.94,5.3,85.35,86.0,37.0,1018.8,1015.7,7.16,0.0,9.13,1.84,68,58,48,26,0,0.0,13,2.7
2018-05-26,60.88,1018.58,590.65,6.86,136.67,10.12,145.75,85.0,34.0,1019.9,1017.6,13.78,0.22,16.59,0.45,75,63,51,26,0,0.0,24,7.1
2018-05-27,56.62,1016.83,601.98,4.01,138.24,5.76,137.97,76.0,38.0,1019.3,1014.1,7.62,0.22,12.54,0.63,68,59,49,16,0,0.0,29,9.5
2018-05-28,71.58,1016.45,319.77,5.26,258.79,7.25,264.25,83.0,57.0,1017.9,1014.3,10.98,2.11,14.55,2.0,67,62,56,16,0,0.0,25,10.1
2018-05-29,66.21,1014.51,710.67,3.89,224.02,4.83,236.28,87.0,49.0,1016.2,1013.3,7.77,0.22,10.33,0.22,68,62,55,13,0,0.0,13,7.2
2018-05-30,66.88,1014.58,649.01,4.04,168.46,4.86,176.2,88.0,40.0,1016.0,1012.4,9.81,0.22,14.17,0.22,66,62,57,12,0,0.0,11,4.4
2018-05-31,79.38,1016.75,155.11,7.21,291.14,8.94,296.31,96.0,53.0,1019.6,1015.2,14.57,2.42,19.08,2.38,72,62,52,14,0,0.0,24,7.7
2018-06-01,69.71,1020.27,790.13,7.13,265.99,8.74,271.31,88.0,54.0,1021.3,1019.3,12.06,2.85,13.2,3.91,72,61,49,12,0,0.0,28,9.0
2018-06-02,64.62,1019.48,766.18,2.42,289.85,3.41,292.52,84.0,46.0,1021.3,1017.3,4.11,0.0,6.71,0.89,73,62,51,14,0,0.0,30,11.2
2018-06-03,62.83,1015.93,539.66,2.83,166.99,3.39,169.44,87.0,43.0,1018.5,1012.6,6.52,0.32,11.68,0.0,68,61,53,15,0,0.0,31,12.9
2018-06-04,73.21,1010.85,274.51,5.1,279.75,6.49,284.15,89.0,55.0,1013.1,1009.1,7.64,1.14,13.51,0.67,67,61,55,13,0,0.0,27,12.7
2018-06-05,64.12,1009.85,827.26,4.06,182.49,5.18,194.07,89.0,40.0,1011.1,1007.6,6.97,2.03,8.61,2.61,66,60,53,14,0,0.0,15,6.5
2018-06-06,68.83,1012.23,295.46,5.91,272.76,7.63,286.02,82.0,44.0,1014.9,1010.6,8.42,2.61,14.09,3.42,69,60,50,17,0,0.0,26,8.0
2018-06-07,73.75,1015.91,196.03,4.4,290.7,5.72,297.66,86.0,60.0,1017.4,1014.6,8.95,1.63,13.21,2.62,71,61,50,16,0,0.0,28,8.7
2018-06-08,72.42,1013.87,461.09,1.96,260.58,2.88,273.51,94.0,56.0,1015.3,1012.4,4.41,0.32,5.1,1.27,75,63,51,13,0,0.0,37,12.7
2018-06-13,75.17,1012.66,135.13,11.25,193.37,14.46,192.94,95.0,48.0,1016.5,1009.6,15.09,3.8,18.63,7.45,69,63,56,12,0,0.0,22,9.0
2018-06-14,61.79,1016.13,773.96,3.46,198.78,4.5,197.32,91.0,39.0,1017.2,1014.7,6.2,0.71,9.62,0.45,68,63,57,18,0,0.0,29,9.2
2018-06-15,61.71,1015.78,562.88,4.77,236.34,5.33,232.61,80.0,46.0,1017.0,1014.4,10.57,0.45,11.02,0.45,70,63,56,13,0,0.0,29,10.5
2018-06-16,62.17,1015.41,737.07,3.24,258.12,4.44,253.75,85.0,42.0,1017.0,1014.0,8.77,0.0,12.91,0.0,67,63,58,14,0,0.0,21,7.9
2018-06-17,70.42,1018.72,174.26,6.54,282.27,8.61,287.92,82.0,57.0,1021.5,1017.2,11.85,2.8,13.03,4.41,68,60,52,14,0,0.0,15,6.5
2018-06-18,61.46,1022.33,920.98,4.02,287.49,5.25,294.74,80.0,40.0,1023.7,1021.5,7.12,0.0,11.19,0.0,71,60,48,16,0,0.0,20,7.4
2018-06-19,65.21,1023.33,943.29,4.05,152.32,5.09,157.95,87.0,44.0,1024.7,1021.6,6.52,0.22,11.01,0.5,71,62,52,14,0,0.0,28,11.0
2018-06-20,63.38,1020.35,941.82,1.92,114.43,2.2,98.15,87.0,42.0,1022.8,1017.7,3.83,0.5,7.7,0.0,69,61,53,15,0,0.0,27,10.8
2018-06-21,57.75,1018.39,739.53,8.69,281.72,10.82,283.51,75.0,37.0,1022.8,1016.2,15.88,1.27,21.12,0.5,69,64,59,13,4,0.0,14,6.6
2018-06-22,52.71,1025.53,792.61,7.63,197.17,9.29,169.54,74.0,36.0,1027.2,1023.6,13.21,0.67,14.36,1.41,67,63,59,12,0,0.0,17,8.8
2018-06-23,56.12,1025.19,936.3,6.57,125.21,8.29,113.05,75.0,41.0,1027.4,1022.6,13.47,0.63,15.27,0.22,68,64,59,14,4,0.0,23,9.0
2018-06-24,55.67,1020.99,652.21,4.5,180.73,5.62,154.09,75.0,41.0,1023.7,1018.5,10.09,0.32,12.17,0.89,69,66,62,15,5,0.0,20,8.7
2018-06-25,59.33,1021.09,732.74,4.61,165.12,4.9,154.97,81.0,45.0,1022.8,1019.9,8.35,1.57,8.97,0.45,71,67,62,17,0,0.0,16,6.7
2018-06-26,57.29,1021.33,874.49,4.54,89.62,6.33,91.19,74.0,45.0,1022.9,1019.8,8.11,1.58,11.68,1.2,72,66,59,17,0,0.0,20,5.7
2018-06-27,59.17,1020.08,792.74,6.31,126.41,8.7,109.56,83.0,39.0,1021.7,1018.2,12.43,0.67,17.97,0.5,72,67,61,17,0,0.0,24,9.1
2018-06-28,60.38,1017.33,823.26,9.13,127.26,11.02,130.78,85.0,41.0,1020.5,1014.8,17.96,1.92,19.59,1.34,75,64,53,15,0,0.0,33,10.4
2018-06-29,62.83,1013.81,820.9,7.07,149.26,8.47,146.14,86.0,46.0,1015.9,1012.1,13.42,0.45,14.09,1.0,71,65,58,12,0,0.0,35,12.7
2018-06-30,61.71,1012.4,927.6,5.3,99.41,7.69,95.25,85.0,40.0,1014.2,1010.4,9.42,1.0,14.64,1.0,73,67,60,10,4,0.0,29,11.5
2018-07-01,52.96,1012.21,956.28,9.04,102.16,11.82,99.28,70.0,42.0,1013.8,1010.4,14.57,3.85,21.11,3.3,74,66,58,18,0,0.0,17,6.7
2018-07-02,51.21,1012.3,945.54,7.48,100.56,10.06,99.1,66.0,36.0,1014.0,1010.9,11.76,2.34,16.82,2.0,70,66,61,15,0,0.0,10,3.9
2018-07-03,58.96,1015.47,640.09,5.4,199.61,7.85,203.79,70.0,49.0,1017.4,1013.7,9.4,1.84,17.09,1.75,72,66,59,13,0,0.0,16,5.0
2018-07-04,58.12,1016.13,478.72,4.01,192.51,5.43,205.29,87.0,36.0,1018.4,1013.6,8.11,0.22,13.13,0.0,73,65,56,14,0,0.0,16,6.5
2018-07-05,69.04,1014.96,155.74,5.38,220.99,6.76,230.59,89.0,53.0,1017.6,1013.2,11.26,1.57,15.79,2.24,79,66,53,18,0,0.0,31,9.7
2018-07-06,74.38,1019.62,439.92,4.76,233.78,5.99,238.36,94.0,55.0,1022.3,1017.7,7.16,0.45,11.09,0.0,102,81,60,17,0,0.0,63,12.4
2018-07-07,64.62,1021.73,886.81,4.17,66.37,6.16,83.04,94.0,41.0,1023.0,1019.9,5.72,0.63,11.6,2.06,80,73,65,16,0,0.0,60,18.0
2018-07-08,57.96,1021.02,829.08,7.44,205.17,8.7,165.91,83.0,37.0,1022.0,1019.7,12.09,0.95,16.67,1.12,88,76,63,14,0,0.0,42,15.0
2018-07-09,56.08,1019.42,893.58,5.87,227.88,6.85,176.49,75.0,35.0,1021.8,1016.6,10.98,1.41,12.03,1.34,87,75,62,17,0,0.0,38,14.7
2018-07-10,58.79,1016.55,241.72,7.9,313.53,9.45,319.5,75.0,44.0,1017.9,1015.1,11.48,2.06,15.09,2.3,81,73,65,10,0,0.0,32,12.8
2018-07-11,55.92,1016.31,889.56,6.21,246.88,7.93,253.84,69.0,38.0,1017.2,1015.5,10.44,1.79,10.92,2.06,78,70,62,14,0,0.0,28,11.1
2018-07-12,56.33,1017.18,932.66,3.49,231.18,4.5,183.29,71.0,39.0,1018.2,1016.0,9.17,0.45,11.18,0.22,78,71,63,16,0,0.0,20,6.4
2018-07-13,53.67,1018.22,922.63,2.18,148.15,3.68,159.66,79.0,32.0,1019.4,1016.7,6.71,0.32,6.94,1.2,76,69,62,14,0,0.0,17,5.5
2018-07-14,49.88,1017.42,566.04,2.66,257.93,3.92,230.83,66.0,36.0,1019.1,1015.0,4.92,0.92,10.92,1.27,79,71,63,15,0,0.0,19,5.8
2018-07-15,59.33,1015.62,559.6,2.6,183.4,3.95,213.69,78.0,35.0,1017.3,1013.5,8.81,0.5,13.2,0.71,78,72,65,12,0,0.0,19,5.5
2018-07-16,58.33,1013.36,545.13,5.56,214.33,8.65,219.06,89.0,33.0,1016.3,1010.4,9.06,2.77,15.21,2.41,76,70,64,14,0,0.0,18,5.6
2018-07-17,56.92,1015.88,306.5,6.11,244.23,6.68,267.86,69.0,39.0,1017.6,1014.0,11.02,2.83,11.96,1.92,74,69,64,14,4,0.0,17,6.0
2018-07-18,56.33,1016.46,915.51,2.81,103.62,3.05,68.76,82.0,34.0,1017.9,1014.5,4.27,1.41,6.8,0.67,73,69,64,15,0,0.0,17,6.9
2018-07-19,53.12,1016.07,887.97,3.14,127.01,3.48,122.77,79.0,35.0,1017.9,1013.5,6.99,0.32,6.77,0.92,78,71,63,10,0,0.0,16,6.8
2018-07-20,61.33,1013.69,530.64,2.48,161.91,2.74,162.54,86.0,43.0,1015.5,1011.8,5.44,0.22,5.27,0.67,77,71,65,16,6,0.0,16,7.0
2018-07-21,71.17,1012.99,21.23,7.16,253.88,9.12,263.38,88.0,57.0,1014.6,1011.8,10.82,2.55,13.13,3.69,74,69,63,20,0,0.0,8,2.2
2018-07-22,63.67,1014.4,599.47,4.75,245.83,6.11,286.15,78.0,43.0,1015.9,1013.6,12.85,2.11,15.09,2.5,80,71,62,13,0,0.0,19,4.4
2018-07-23,64.38,1016.85,696.47,4.72,155.59,6.05,162.49,80.0,48.0,1017.9,1015.7,7.91,0.22,14.17,0.45,86,75,63,14,0,0.0,39,10.0
2018-07-24,57.42,1013.79,908.99,5.98,112.78,7.72,108.52,82.0,33.0,1016.3,1011.4,9.91,2.06,11.22,2.06,81,73,65,14,0,0.0,44,13.9
2018-07-25,54.46,1013.86,881.12,5.55,109.9,7.97,108.39,81.0,33.0,1014.7,1013.0,7.78,2.91,12.35,2.28,79,71,62,10,0,0.0,40,14.1
2018-07-26,53.0,1013.2,897.88,6.79,108.24,9.51,107.12,72.0,30.0,1014.6,1011.6,12.5,2.41,15.92,4.92,74,70,66,7,0,0.0,25,11.0
2018-07-27,53.38,1011.93,907.51,5.3,112.71,7.76,109.53,74.0,33.0,1014.2,1009.8,7.38,3.5,11.68,3.75,75,69,62,10,0,0.0,26,9.1
2018-07-28,65.58,1011.74,133.19,7.68,176.94,9.86,181.93,77.0,50.0,1015.0,1008.8,14.09,2.25,17.23,1.84,73,66,59,13,0,0.0,22,9.4
2018-07-29,60.88,1014.09,836.71,5.45,116.97,6.71,122.05,87.0,38.0,1015.2,1012.8,9.81,3.04,13.12,1.61,73,67,60,16,0,0.0,18,8.0
2018-07-30,48.21,1015.12,850.16,3.68,121.22,3.77,120.72,69.0,28.0,1015.9,1014.1,8.7,0.71,9.49,0.67,78,69,60,10,0,0.0,21,7.0
2018-07-31,46.38,1016.12,883.39,2.61,166.92,3.81,126.07,63.0,27.0,1017.5,1015.2,6.02,0.95,14.54,0.71,80,70,59,10,0,0.0,21,6.4
2018-08-01,63.12,1018.02,347.81,4.69,194.55,6.04,189.02,82.0,40.0,1020.7,1016.5,16.27,0.22,20.94,0.92,79,70,61,12,0,0.0,21,6.5
2018-08-02,63.29,1019.96,851.3,4.55,87.56,6.06,92.35,89.0,37.0,1021.4,1018.3,9.01,1.12,11.07,0.45,77,69,60,9,0,0.0,27,9.5
2018-08-03,60.25,1018.56,890.09,4.64,136.51,5.83,135.4,86.0,34.0,1020.5,1016.7,10.05,0.45,10.85,0.63,78,69,59,12,0,0.0,29,9.8
2018-08-04,55.96,1017.09,815.23,3.06,113.6,4.6,124.26,74.0,35.0,1018.1,1015.9,6.09,1.12,10.63,0.89,75,65,55,13,0,0.0,30,11.2
2018-08-05,58.33,1017.2,816.57,4.3,135.65,5.64,127.33,84.0,35.0,1018.5,1016.1,8.73,0.81,13.35,1.75,78,68,57,10,0,0.0,28,11.0
2018-08-06,58.88,1015.2,725.88,3.84,190.68,3.99,198.79,78.0,40.0,1017.4,1012.8,6.33,0.32,9.21,0.45,83,70,56,12,0,0.0,37,11.2
2018-08-07,52.04,1012.46,324.24,5.01,163.0,5.67,182.43,73.0,31.0,1014.0,1010.6,10.13,3.26,10.8,1.43,84,72,59,12,0,0.0,44,16.0
2018-08-08,54.62,1014.15,614.95,3.99,217.01,5.86,233.74,77.0,48.0,1015.7,1011.9,6.83,0.0,11.43,0.45,84,74,64,14,0,0.0,33,13.5
2018-08-09,63.12,1015.12,472.76,9.88,190.53,12.36,194.11,80.0,32.0,1021.3,1011.6,17.45,1.7,22.89,0.92,82,73,64,16,0,0.0,23,7.3
2018-08-10,61.04,1023.82,634.56,3.74,169.1,4.73,177.85,80.0,44.0,1025.7,1021.9,8.3,0.5,12.93,1.61,85,73,61,14,0,0.0,25,8.0
2018-08-11,46.71,1022.97,710.77,4.21,264.59,4.8,284.72,64.0,34.0,1024.6,1020.9,8.41,0.32,8.71,0.32,79,71,62,16,0,0.0,19,7.1
2018-08-12,52.46,1016.29,850.83,3.67,131.81,4.21,150.93,67.0,36.0,1021.2,1011.8,8.49,0.0,8.85,0.0,79,71,62,14,0,0.0,19,7.9
2018-08-13,68.46,1012.28,84.13,5.64,197.05,8.62,245.66,79.0,50.0,1013.9,1010.5,10.33,1.36,14.4,2.69,78,72,66,15,0,0.0,19,8.5
2018-08-14,68.71,1016.69,425.11,4.96,255.11,6.51,267.29,86.0,51.0,1019.6,1014.1,8.06,2.72,10.53,3.59,77,72,66,12,0,0.0,18,6.8
2018-08-15,57.0,1019.17,861.62,2.91,123.11,3.16,138.81,77.0,38.0,1020.5,1017.7,4.25,0.89,5.59,0.92,78,71,63,14,0,0.0,23,7.9
2018-08-16,56.33,1015.92,858.57,5.27,120.83,7.32,119.02,78.0,36.0,1018.8,1013.1,8.49,2.3,11.57,4.03,79,71,63,13,0,0.0,28,12.6
2018-08-17,64.88,1015.64,362.36,6.56,211.67,8.32,227.09,81.0,46.0,1019.9,1013.6,16.37,2.69,18.39,2.85,78,72,65,15,0,0.0,29,14.9
2018-08-18,65.29,1020.59,741.41,3.63,167.85,4.57,179.37,84.0,45.0,1021.8,1019.6,8.16,0.89,8.91,0.22,77,72,66,15,4,0.0,30,15.7
2018-08-19,59.29,1020.99,813.29,2.68,216.72,3.26,206.44,82.0,37.0,1022.7,1019.3,5.32,0.22,7.39,0.71,77,72,67,14,4,0.0,30,15.8
2018-08-20,53.96,1019.49,846.09,2.7,182.14,2.87,230.62,68.0,36.0,1021.0,1017.5,5.0,0.45,5.5,0.0,78,70,62,15,0,0.0,35,19.0
2018-08-21,60.21,1018.28,823.75,2.07,95.06,2.91,107.98,83.0,41.0,1019.8,1016.6,4.47,0.22,8.14,0.22,77,70,63,15,0,0.0,29,16.5
2018-08-22,55.0,1016.95,804.33,3.08,142.09,4.37,167.77,73.0,36.0,1018.1,1015.6,5.22,0.0,8.32,0.5,77,69,61,15,0,0.0,27,14.7
2018-08-23,51.38,1014.58,406.65,4.95,180.47,5.95,190.87,64.0,34.0,1016.8,1012.4,8.42,1.92,13.62,0.89,77,69,60,15,0,0.0,32,21.2
2018-08-24,64.17,1013.92,532.25,7.35,257.1,10.06,270.6,76.0,51.0,1014.9,1012.7,15.09,3.04,16.72,5.7,76,68,59,14,0,0.0,52,37.7
2018-08-25,66.79,1014.92,26.93,8.26,259.41,11.03,268.87,83.0,51.0,1017.7,1013.9,12.88,3.23,14.68,6.44,75,68,61,13,0,0.0,36,24.4
2018-08-26,56.58,1017.8,752.81,4.23,121.25,4.66,149.65,82.0,33.0,1019.9,1015.5,7.29,0.92,11.86,0.95,75,70,65,16,0,0.0,30,16.7
2018-08-27,55.04,1016.73,162.77,5.72,189.29,6.84,205.97,65.0,37.0,1018.5,1015.9,10.66,0.5,11.63,0.5,75,65,54,14,0,0.0,30,13.3
2018-08-30,70.12,1020.42,529.79,8.36,266.36,10.53,249.16,86.0,51.0,1021.9,1018.9,11.63,0.71,15.44,2.98,82,68,54,14,0,0.0,31,10.1
2018-08-31,85.17,1020.47,0.0,6.33,302.87,7.78,282.73,96.0,74.0,1021.6,1019.7,12.15,1.5,16.8,0.45,79,68,57,12,0,0.0,37,13.6
